label,message
ham,How do you guys go to see movies on your side.
ham,Whos this am in class:-)
ham,Anything lor... U decide...
ham,:) 
ham,I realise you are a busy guy and i'm trying not to be a bother. I have to get some exams outta the way and then try the cars. Do have a gr8 day
ham,A pure hearted person can have a wonderful smile that makes even his/her enemies to feel guilty for being an enemy.. So catch the world with your smile..:) GOODMORNING &amp; HAVE A SMILEY SUNDAY..:)
ham,You getting back any time soon?
ham,"Sorry, I'll call later"
ham,Jokin only lar... :-) depends on which phone my father can get lor...
spam,You will recieve your tone within the next 24hrs. For Terms and conditions please see Channel U Teletext Pg 750
ham,Sorry about that this is my mates phone and i didnt write it love Kate
ham,Also maaaan are you missing out
ham,I'll be at mu in like  &lt;#&gt;  seconds
ham,Guessin you ain't gonna be here before 9?
ham,So its to be poking man everyday that they teach you in canada abi! How are you. Just saying hi.
ham,Good afternoon my boytoy. How goes that walking here and there day ? Did you get that police abstract? Are you still out and about? I wake and miss you babe
spam,"URGENT! You have won a 1 week FREE membership in our Ã¥Â£100,000 Prize Jackpot! Txt the word: CLAIM to No: 81010 T&C www.dbuk.net LCCLTD POBOX 4403LDNW1A7RW18"
ham,Yes. Nigh you cant aha.
ham,"Idk. You keep saying that you're not, but since he moved, we keep butting heads over freedom vs. responsibility. And i'm tired. I have so much other shit to deal with that i'm barely keeping myself together once this gets added to it."
ham,Okie...
spam,SMS AUCTION - A BRAND NEW Nokia 7250 is up 4 auction today! Auction is FREE 2 join & take part! Txt NOKIA to 86021 now! HG/Suite342/2Lands Row/W1J6HL
spam,FREE for 1st week! No1 Nokia tone 4 ur mobile every week just txt NOKIA to 8077 Get txting and tell ur mates. www.getzed.co.uk POBox 36504 W45WQ 16+ norm150p/tone
ham,Boy; I love u Grl: Hogolo Boy: gold chain kodstini Grl: Agalla Boy: necklace madstini Grl: agalla Boy: Hogli 1 mutai eerulli kodthini! Grl: I love U kano;-)
ham,Where you. What happen
ham,Two teams waiting for some players
spam,Enjoy the jamster videosound gold club with your credits for 2 new videosounds+2 logos+musicnews! get more fun from jamster.co.uk! 16+only Help? call: 09701213186 
spam,"09066362231 URGENT! Your mobile No 07xxxxxxxxx won a Ã¥Â£2,000 bonus caller prize on 02/06/03! this is the 2nd attempt to reach YOU! call 09066362231 ASAP!"
ham,We confirm eating at esplanade?
ham,"Also north carolina and texas atm, you would just go to the gre site and pay for the test results to be sent."
ham,Lol I was gonna last month. I cashed some in but I left &lt;#&gt; just in case. I was collecting more during the week cause they announced it on the blog.
spam,"500 New Mobiles from 2004, MUST GO! Txt: NOKIA to No: 89545 & collect yours today!From ONLY Ã¥Â£1 www.4-tc.biz 2optout 087187262701.50gbp/mtmsg18"
ham,Lil fever:) now fine:)
spam,"You can stop further club tones by replying \STOP MIX\"" See my-tone.com/enjoy. html for terms. Club tones cost GBP4.50/week. MFL"
ham,"Friendship is not a game to play, It is not a word to say, It doesn\'t start on March and ends on May, It is tomorrow, yesterday, today and e"
ham,Wait  &lt;#&gt;  min..
ham,Okie... Thanx...
ham,Pls dont restrict her from eating anythin she likes for the next two days.
ham,We are pleased to inform that your application for Airtel Broadband is processed successfully. Your installation will happen within 3 days.
ham,"The LAY MAN! Just to let you know you are missed and thought off. Do have a great day. And if you can send me bimbo and ugo's numbers, ill appreciate. Safe"
ham,Its a part of checking IQ
ham,They released vday shirts and when u put it on it makes your bottom half naked instead of those white underwear.
ham,Pls give her prometazine syrup. 5mls then  &lt;#&gt; mins later feed.
spam,Do you want a New Nokia 3510i Colour Phone Delivered Tomorrow? With 200 FREE minutes to any mobile + 100 FREE text + FREE camcorder Reply or Call 08000930705
ham,The evo. I just had to download flash. Jealous?
ham,What * u wearing?
ham,No no. I will check all rooms befor activities
ham,"I am late,so call you tomorrow morning.take care sweet dreams....u and me...ummifying...bye."
ham,"Hmm well, night night "
ham,DO NOT B LATE LOVE MUM
ham,I AM AT A PARTY WITH ALEX NICHOLS
ham,Oh wow thats gay. Will firmware update help
ham,Was gr8 to see that message. So when r u leaving? Congrats dear. What school and wat r ur plans.
ham,Dear good morning how you feeling dear
ham,Shb b ok lor... Thanx...
ham,Omg I want to scream. I weighed myself and I lost more weight! Woohoo!
ham,Where's mummy's boy ? Is he being good or bad ? Is he being positive or negative ? Why is mummy being made to wait? Hmmmm?
ham,They have a thread on the wishlist section of the forums where ppl post nitro requests. Start from the last page and collect from the bottom up.
ham,"Well, I have to leave for my class babe ... You never came back to me ... :-( ... Hope you have a nice sleep, my love"
ham,"Night has ended for another day, morning has come in a special way. May you smile like the sunny rays and leaves your worries at the blue blue bay. Gud mrng"
ham,Shuhui say change 2 suntec steamboat? U noe where? Where r u now?
spam,"WELL DONE! Your 4* Costa Del Sol Holiday or Ã¥Â£5000 await collection. Call 09050090044 Now toClaim. SAE, TCs, POBox334, Stockport, SK38xh, CostÃ¥Â£1.50/pm, Max10mins"
ham,ÃÃ neva tell me how i noe... I'm not at home in da aft wat... 
ham,That's good. Lets thank God. Please complete the drug. Have lots of water. And have a beautiful day.
spam,SMS. ac Sptv: The New Jersey Devils and the Detroit Red Wings play Ice Hockey. Correct or Incorrect? End? Reply END SPTV
ham,Very hurting n meaningful lines ever: \I compromised everything for my love
ham,I'm really sorry I lit your hair on fire
spam,"Congrats! 2 mobile 3G Videophones R yours. call 09061744553 now! videochat wid ur mates, play java games, Dload polyH music, noline rentl. bx420. ip4. 5we. 150pm"
ham,Let me know when you've got the money so carlos can make the call
ham,Lol its ok I didn't remember til last nite
ham,Now thats going to ruin your thesis!
ham,Wat would u like 4 ur birthday?
ham,The fact that you're cleaning shows you know why i'm upset. Your priority is constantly \what i want to do
ham,Huh so early.. Then Ã_ having dinner outside izzit?
ham,I am in bus on the way to calicut
ham, &lt;#&gt;  in mca. But not conform.
ham,As per your request 'Maangalyam (Alaipayuthe)' has been set as your callertune for all Callers. Press *9 to copy your friends Callertune
ham,Bring home some Wendy =D
ham,Webpage s not available!
spam,Hey I am really horny want to chat or see me naked text hot to 69698 text charged at 150pm to unsubscribe text stop 69698
spam,Your B4U voucher w/c 27/03 is MARSMS. Log onto www.B4Utele.com for discount credit. To opt out reply stop. Customer care call 08717168528
ham,K. I will sent it again
ham,"Hi hope u get this txt~journey hasnt been gd,now about 50 mins late I think."
spam,"HOT LIVE FANTASIES call now 08707500020 Just 20p per min NTT Ltd, PO Box 1327 Croydon CR9 5WB 0870 is a national rate call"
ham,Dear we got  &lt;#&gt;  dollars hi hi
ham,"Hello. Sort of out in town already. That . So dont rush home, I am eating nachos. Will let you know eta."
ham,Of cos can lar i'm not so ba dao ok... 1 pm lor... Y u never ask where we go ah... I said u would ask on fri but he said u will ask today...
ham,Now am free call me pa.
ham,Wat's da model num of ur phone?
ham,You also didnt get na hi hi hi hi hi
ham,Hey you around? I've got enough for a half + the ten I owe you
ham,Ok Chinese food on its way. When I get fat you're paying for my lipo.
spam,<Forwarded from 88877>FREE entry into our Ã¥Â£250 weekly comp just send the word ENTER to 88877 NOW. 18 T&C www.textcomp.com
ham,But i'll b going 2 sch on mon. My sis need 2 take smth.
ham,I was wondering if it would be okay for you to call uncle john and let him know that things are not the same in nigeria as they r here. That  &lt;#&gt;  dollars is 2years sent and that you know its a strain but i plan to pay back every dime he gives. Every dime so for me to expect anything from you is not practical. Something like that.
ham,Except theres a chick with huge boobs.
ham,Hi its in durban are you still on this number
ham,"Haha, that was the first person I was gonna ask"
ham,Wife.how she knew the time of murder exactly
spam,Ur cash-balance is currently 500 pounds - to maximize ur cash-in now send GO to 86688 only 150p/msg. CC: 08718720201 PO BOX 114/14 TCR/W1
ham,Sorry i now then c ur msg... Yar lor so poor thing... But only 4 one night... Tmr u'll have a brand new room 2 sleep in...
ham,You said not now. No problem. When you can. Let me know.
ham,Mode men or have you left.
ham,Convey my regards to him
ham,Some of them told accenture is not confirm. Is it true.
ham,"Aight, you close by or still down around alex's place?"
ham,WHITE FUDGE OREOS ARE IN STORES
ham,"Hey, can you tell me blake's address? Carlos wanted me to meet him there but I got lost and he's not answering his phone"
ham,"Den only weekdays got special price... Haiz... Cant eat liao... Cut nails oso muz wait until i finish drivin wat, lunch still muz eat wat... "
ham,"Sure, if I get an acknowledgement from you that it's astoundingly tactless and generally faggy to demand a blood oath fo"
ham,What's ur pin?
ham,K:)k:)what are detail you want to transfer?acc no enough?
ham,"\CHEERS FOR CALLIN BABE.SOZI CULDNT TALKBUT I WANNATELL U DETAILS LATER WENWECAN CHAT PROPERLY X\"""""
ham,So how are you really. What are you up to. How's the masters. And so on.
ham,As in different styles?
spam,"Eerie Nokia tones 4u, rply TONE TITLE to 8007 eg TONE DRACULA to 8007 Titles: GHOST, ADDAMSFA, MUNSTERS, EXORCIST, TWILIGHT www.getzed.co.uk POBox36504W45WQ 150p"
ham,Lol wtf random. Btw is that your lunch break
ham,S but mostly not like that.
ham,When Ã_ login dat time... Dad fetching Ã_ home now?
ham,Ok... U enjoy ur shows...
ham,K then 2marrow are you coming to class.
ham,How many times i told in the stage all use to laugh. You not listen aha.
ham,Hello hun how ru? Its here by the way. Im good. Been on 2 dates with that guy i met in walkabout so far. We have to meet up soon. Hows everyone else?
ham," came to look at the flat, seems ok, in his 50s? * Is away alot wiv work. Got woman coming at 6.30 too."
ham,We can go 4 e normal pilates after our intro...  
ham,Okay lor... Will they still let us go a not ah? Coz they will not know until later. We drop our cards into the box right?
ham,I'm at bruce &amp; fowler now but I'm in my mom's car so I can't park (long story)
ham,Went fast asleep dear.take care.
ham,I cant pick the phone right now. Pls send a message
ham,Huh so slow i tot u reach long ago liao... U 2 more days only i 4 more leh...
ham,Later i guess. I needa do mcat study too.
ham,K..k..i'm also fine:)when will you complete the course?
ham,"Love isn't a decision, it's a feeling. If we could decide who to love, then, life would be much simpler, but then less magical"
spam,"You have won ?1,000 cash or a ?2,000 prize! To claim, call09050000327"
ham,That means from february to april i'll be getting a place to stay down there so i don't have to hustle back and forth during audition season as i have since my sister moved away from harlem.
ham,Miss call miss call khelate kintu opponenter miss call dhorte lage. Thats d rule. One with great phone receiving quality wins.
ham,"How about clothes, jewelry, and trips?"
ham,Ok... Let u noe when i leave my house.
ham,Yes there were many sweets
ham,"Haha... Where got so fast lose weight, thk muz go 4 a month den got effect... Gee,later we go aust put bk e weight."
ham,No shoot me. I'm in the docs waiting room. :/
ham,My love ... I hope your not doing anything drastic. Don't you dare sell your pc or your phone ...
ham,Is that seriously how you spell his name?
spam,Bloomberg -Message center +447797706009 Why wait? Apply for your future http://careers. bloomberg.com
ham,The beauty of life is in next second.. which hides thousands of secrets. I wish every second will be wonderful in ur life...!! gud n8
ham,Please dont say like that. Hi hi hi
ham,"Dear, will call Tmorrow.pls accomodate."
ham,"My Parents, My Kidz, My Friends n My Colleagues. All screaming.. SURPRISE !! and I was waiting on the sofa.. ... ..... ' NAKED...!"
ham,Its  &lt;#&gt; k here oh. Should i send home for sale.
ham,Then any special there?
ham,I send the print  outs da.
ham,Oi. Ami parchi na re. Kicchu kaaj korte iccha korche na. Phone ta tul na. Plz. Plz.
ham,Y?WHERE U AT DOGBREATH? ITS JUST SOUNDING LIKE JAN C THATÃ¥ÃS AL!!!!!!!!!
ham,Oh thats late! Well have a good night and i will give u a call tomorrow. Iam now going to go to sleep night night
ham,Aiyah e rain like quite big leh. If drizzling i can at least run home.
spam,"U've been selected to stay in 1 of 250 top British hotels - FOR NOTHING! Holiday valued at Ã¥Â£350! Dial 08712300220 to claim - National Rate Call. Bx526, SW73SS"
ham,Stupid.its not possible
ham,Can you call me plz. Your number shows out of coveragd area. I have urgnt call in vasai &amp; have to reach before 4'o clock so call me plz
ham,How would my ip address test that considering my computer isn't a minecraft server
ham,That one week leave i put know that time. Why.
ham,"Sir, i am waiting for your call, once free please call me."
ham,"Science tells that chocolate will melt under the sunlight. Please don't walk under the sunlight. BCoz,I don't want to loss a sweet friend."
ham,"Sorry, I'll call later"
ham,In which place i can get rooms cheap:-)
ham,Yeah he got in at 2 and was v apologetic. n had fallen out and she was actin like spoilt child and he got caught up in that. Till 2! But we won't go there! Not doing too badly cheers. You? 
spam,Get ur 1st RINGTONE FREE NOW! Reply to this msg with TONE. Gr8 TOP 20 tones to your phone every week just Ã¥Â£1.50 per wk 2 opt out send STOP 08452810071 16
spam,"Orange brings you ringtones from all time Chart Heroes, with a free hit each week! Go to Ringtones & Pics on wap. To stop receiving these tips reply STOP."
ham,No need lar i go engin? Cos my sis at arts today...
ham,Let me know how it changes in the next 6hrs. It can even be appendix but you are out of that age range. However its not impossible. So just chill and let me know in 6hrs
spam,I don't know u and u don't know me. Send CHAT to 86688 now and let's find each other! Only 150p/Msg rcvd. HG/Suite342/2Lands/Row/W1J6HL LDN. 18 years or over.
ham,K:)k:)good:)study well.
ham,You didn't have to tell me that...now i'm thinking. Plus he's going to stop all your runs
ham,No..few hours before.went to hair cut .
spam,Someone has conacted our dating service and entered your phone because they fancy you!To find out who it is call from landline 09111030116. PoBox12n146tf15
ham,"Hello my boytoy ... Geeee I miss you already and I just woke up. I wish you were here in bed with me, cuddling me. I love you ..."
ham,Oooh bed ridden ey? What are YOU thinking of?
ham,I cant pick the phone right now. Pls send a message
ham,Good morning. At the repair shop--the ONLY reason i'm up at this hour.
ham,HI ITS KATE CAN U GIVE ME A RING ASAP XXX
ham,My slave! I want you to take 2 or 3 pictures of yourself today in bright light on your cell phone! Bright light!
ham,"No, but you told me you were going, before you got drunk!"
ham,I uploaded mine to Facebook
ham,Theyre doing it to lots of places. Only hospitals and medical places are safe.
ham,I'm good. Have you registered to vote?
ham,What is important is that you prevent dehydration by giving her enough fluids
spam,ASKED 3MOBILE IF 0870 CHATLINES INCLU IN FREE MINS. INDIA CUST SERVs SED YES. L8ER GOT MEGA BILL. 3 DONT GIV A SHIT. BAILIFF DUE IN DAYS. I O Ã¥Â£250 3 WANT Ã¥Â£800
ham,Happy birthday... May all ur dreams come true...
ham,No. But we'll do medical missions to nigeria
ham,WHO ARE YOU SEEING?
ham,Wif my family booking tour package.
ham,Oops I was in the shower when u called. Hey a parking garage collapsed at university hospital. See I'm not crazy. Stuff like that DOES happen.
spam,18 days to Euro2004 kickoff! U will be kept informed of all the latest news and results daily. Unsubscribe send GET EURO STOP to 83222.
ham,"You might want to pull out more just in case and just plan on not spending it if you can, I don't have much confidence in derek and taylor's money management"
ham,Do you mind if I ask what happened? You dont have to say if it is uncomfortable.
ham,If I get there before you after your ten billion calls and texts so help me god
ham,I cant pick the phone right now. Pls send a message
ham,"I wake up long ago already... Dunno, what other thing?"
ham,Jus came back fr lunch wif my sis only. U leh?
ham,You best watch what you say cause I get drunk as a motherfucker
ham,Wot is u up 2 then bitch?
ham,I place all ur points on e cultures module already.
spam,FREE entry into our Ã¥Â£250 weekly comp just send the word WIN to 80086 NOW. 18 T&C www.txttowin.co.uk
ham,Oh yah... We never cancel leh... Haha 
ham,Yes i will be there. Glad you made it.
ham,Sad story of a Man - Last week was my b'day. My Wife did'nt wish me. My Parents forgot n so did my Kids . I went to work. Even my Colleagues did not wish.
ham,Keep yourself safe for me because I need you and I miss you already and I envy everyone that see's you in real life
ham,"Just sent you an email ÂÃÃ to an address with incomm in it, is that right?"
ham,"If you're still up, maybe leave the credit card so I can get gas when I get back like he told me to"
ham,NEFT Transaction with reference number  &lt;#&gt;  for Rs. &lt;DECIMAL&gt;  has been credited to the beneficiary account on  &lt;#&gt;  at  &lt;TIME&gt; : &lt;#&gt;
spam,PRIVATE! Your 2003 Account Statement for 07815296484 shows 800 un-redeemed S.I.M. points. Call 08718738001 Identifier Code 41782 Expires 18/11/04 
ham,Where are you lover ? I need you ...
ham,"Ok, be careful ! Don't text and drive !"
ham,Minimum walk is 3miles a day.
ham,"Wow. I never realized that you were so embarassed by your accomodations. I thought you liked it, since i was doing the best i could and you always seemed so happy about \the cave\"". I'm sorry I didn't and don't have more to give. I'm sorry i offered. I'm sorry your room was so embarassing."""
ham,"Just dropped em off, omw back now"
ham,"Im in inperialmusic listening2the weirdest track ever byÃ¥Ãleafcutter johnÃ¥Ã-sounds like insects being molested&someone plumbing,remixed by evil men on acid!"
ham,"1) Go to write msg 2) Put on Dictionary mode 3)Cover the screen with hand, 4)Press  &lt;#&gt; . 5)Gently remove Ur hand.. Its interesting..:)"
ham,Lol enjoy role playing much?
ham,yay! finally lol. i missed our cinema trip last week :-(
ham,Thanks for yesterday sir. You have been wonderful. Hope you enjoyed the burial. MojiBiola
ham,Appt is at &lt;TIME&gt; am. Not my fault u don't listen. I told u twice
ham,Dunno lei... I thk mum lazy to go out... I neva ask her yet...
ham,I love you both too :-)
ham,Were trying to find a Chinese food place around here
ham,Yup n her fren lor. I'm meeting my fren at 730.
ham,I'm going 4 lunch now wif my family then aft dat i go str 2 orchard lor.
ham,"Sorry, I'll call later"
ham,"So anyways, you can just go to your gym or whatever, my love *smiles* I hope your ok and having a good day babe ... I miss you so much already"
spam,"Last Chance! Claim ur Ã¥Â£150 worth of discount vouchers today! Text SHOP to 85023 now! SavaMob, offers mobile! T Cs SavaMob POBOX84, M263UZ. Ã¥Â£3.00 Sub. 16"
ham,Good morning pookie pie! Lol hope I didn't wake u up
ham,Get ready for  &lt;#&gt;  inches of pleasure...
ham,"Sorry, I'll call later  &lt;#&gt; mins"
ham,You have registered Sinco as Payee. Log in at icicibank.com and enter URN  &lt;#&gt;  to confirm. Beware of frauds. Do NOT share or disclose URN to anyone.
spam,"This is the 2nd time we have tried 2 contact u. U have won the 750 Pound prize. 2 claim is easy, call 08718726970 NOW! Only 10p per min. BT-national-rate "
ham,"Wen ur lovable bcums angry wid u, dnt take it seriously.. Coz being angry is d most childish n true way of showing deep affection, care n luv!.. kettoda manda... Have nice day da."
ham,I take it the post has come then! You must have 1000s of texts now! Happy reading. My one from wiv hello caroline at the end is my favourite. Bless him
ham,"naughty little thought: 'its better to flirt, flirt n flirt, rather than loving someone n gettin hurt, hurt n hurt...:-) Gud nyt"
ham,"Yup. Anything lor, if u dun wan it's ok..."
ham,Wat r u doing now?
ham,Haf u found him? I feel so stupid da v cam was working.
ham,Huh means computational science... Y they like dat one push here n there...
ham,No need to buy lunch for me.. I eat maggi mee..
ham,Yes I posted a couple of pics on fb. There's still snow outside too. I'm just waking up :)
spam,Your next amazing xxx PICSFREE1 video will be sent to you enjoy! If one vid is not enough for 2day text back the keyword PICSFREE1 to get the next video.
ham,No:-)i got rumour that you going to buy apartment in chennai:-)
ham,"Sun cant come to earth but send luv as rays. cloud cant come to river but send luv as rain. I cant come to meet U, but can send my care as msg to U. Gud evng"
ham,"Well am officially in a philosophical hole, so if u wanna call am at home ready to be saved!"
ham,hows my favourite person today? r u workin hard? couldn't sleep again last nite nearly rang u at 4.30
ham,Can you plz tell me the ans. BSLVYL sent via fullonsms.com
ham,Pls pls find out from aunt nike.
ham,"Same here, but I consider walls and bunkers and shit important just because I never play on peaceful but I guess your place is high enough that it don't matter"
spam,"Today's Offer! Claim ur Ã¥Â£150 worth of discount vouchers! Text YES to 85023 now! SavaMob, member offers mobile! T Cs 08717898035. Ã¥Â£3.00 Sub. 16 . Unsub reply X"
ham,"When you just put in the + sign, choose my number and the pin will show. Right?"
spam,Not heard from U4 a while. Call 4 rude chat private line 01223585334 to cum. Wan 2C pics of me gettin shagged then text PIX to 8552. 2End send STOP 8552 SAM xxx
ham,Well there's a pattern emerging of my friends telling me to drive up and come smoke with them and then telling me that I'm a weed fiend/make them smoke too much/impede their doing other things so you see how I'm hesitant
ham,"Also sir, i sent you an email about how to log into the usc payment portal. I.ll send you another message that should explain how things are back home. Have a great weekend."
ham,Where are you ? What do you do ? How can you stand to be away from me ? Doesn't your heart ache without me ? Don't you wonder of me ? Don't you crave me ?
ham,One small prestige problem now.
ham,You know my old Dom I told you about yesterday ? His name is Roger? He got in touch with me last night and wants me to meet him today at 2 pm
ham,"Aight, let me know when you're gonna be around usf"
spam,"Free Msg: get Gnarls Barkleys \Crazy\"" ringtone TOTALLY FREE just reply GO to this message right now!"""
ham,"It's wylie, you in tampa or sarasota?"
ham,I dont know oh. Hopefully this month.
ham,Re your call; You didn't see my facebook huh?
ham,Message:some text missing* Sender:Name Missing* *Number Missing *Sent:Date missing *Missing U a lot thats y everything is missing sent via fullonsms.com
ham,Dude just saw a parked car with its sunroof popped up. Sux
ham,Bbq this sat at mine from 6ish. Ur welcome 2 come
spam,WIN a year supply of CDs 4 a store of ur choice worth Ã¥Â£500 & enter our Ã¥Â£100 Weekly draw txt MUSIC to 87066 Ts&Cs www.Ldew.com.subs16+1win150ppmx3
ham,Watching telugu movie..wat abt u?
ham,Thats cool. i am a gentleman and will treat you with dignity and respect.
ham,"Bill, as in: Are there any letters for me. iÂÃÂªm expecting one from orange that isnÂÃÂªt a bill but may still say orange on it."
ham,I just really need shit before tomorrow and I know you won't be awake before like 6
ham,"Come to mu, we're sorting out our narcotics situation"
ham,Surly ill give it to you:-) while coming to review.
ham,Those were my exact intentions
ham,Awww dat is sweet! We can think of something to do he he! Have a nice time tonight ill probably txt u later cos im lonely :( xxx.
ham,"Night has ended for another day, morning has come in a special way. May you smile like the sunny rays and leaves your worries at the blue blue bay. Gud mrng"
ham,Which is why i never wanted to tell you any of this. Which is why i'm so short with you and on-edge as of late.
ham,"Tick, tick, tick .... Where are you ? I could die of loneliness you know ! *pouts* *stomps feet* I need you ..."
ham,"Hurry up, I've been weed-deficient for like three days"
ham,Mum not going robinson already.
ham,"Aight, we'll head out in a few"
ham,After completed degree. There is no use in joining finance.
ham,Yar else i'll thk of all sorts of funny things.
ham,God's love has no limit. God's grace has no measure. God's power has no boundaries. May u have God's endless blessings always in ur life...!! Gud ni8
ham,A lot of this sickness thing going round. Take it easy. Hope u feel better soon. Lol
ham,No da if you run that it activate the full version da.
ham,Simply sitting and watching match in office..
spam,sports fans - get the latest sports news str* 2 ur mobile 1 wk FREE PLUS a FREE TONE Txt SPORT ON to 8007 www.getzed.co.uk 0870141701216+ norm 4txt/120p 
ham,"Kind of. Just missed train cos of asthma attack, nxt one in half hr so driving in. not sure where to park."
ham,"That's good, because I need drugs"
ham,... Are you in the pub?
ham,So u gonna get deus ex?
ham,Ofcourse I also upload some songs
ham,Hi. Hope you had a good day. Have a better night.
ham,Doing project w frens lor. 
ham,Going thru a very different feeling.wavering decisions and coping up with the same is the same individual.time will heal everything i believe.
ham,Mmmmmmm *snuggles into you* ...*deep contented sigh* ... *whispers* ... I fucking love you so much I can barely stand it ...
ham,Audrie lousy autocorrect
spam,Sorry! U can not unsubscribe yet. THE MOB offer package has a min term of 54 weeks> pls resubmit request after expiry. Reply THEMOB HELP 4 more info
spam,Send a logo 2 ur lover - 2 names joined by a heart. Txt LOVE NAME1 NAME2 MOBNO eg LOVE ADAM EVE 07123456789 to 87077 Yahoo! POBox36504W45WQ TxtNO 4 no ads 150p.
ham,Double eviction this week - Spiral and Michael and good riddance to them!
ham,In that case I guess I'll see you at campus lodge
ham,Sorry da:)i was thought of calling you lot of times:)lil busy.i will call you at noon..
ham,Ok that's great thanx a lot.
ham,Finish liao... U?
ham,Wow didn't think it was that common. I take it all back ur not a freak! Unless u chop it off:-)
ham,Lol they were mad at first but then they woke up and gave in.
ham,"Babe ! How goes that day ? What are you doing ? Where are you ? I sip my cappuccino and think of you, my love ... I send a kiss to you from across the sea"
ham,Oh... Lk tt den we take e one tt ends at cine lor... Dun wan yogasana oso can... 
ham,I don't run away frm u... I walk slowly &amp; it kills me that u don't care enough to stop me...
ham,Ugh fuck it I'm resubbing to eve
ham,Yup... Ok i go home look at the timings then i msg Ã_ again... Xuhui going to learn on 2nd may too but her lesson is at 8am
ham,Unless it's a situation where YOU GO GURL would be more appropriate
ham,If we win its really no 1 side for long time.
ham,Just sleeping..and surfing
ham,At 7 we will go ok na.
ham,Excellent! Are you ready to moan and scream in ecstasy?
ham,"Dizzamn, aight I'll ask my suitemates when I get back"
ham,"Fighting with the world is easy, u either win or lose bt fightng with some1 who is close to u is dificult if u lose - u lose if u win - u still lose."
ham,I am late. I will be there at
ham,Its on in engalnd! But telly has decided it won't let me watch it and mia and elliot were kissing! Damn it!
spam,Free entry in 2 a weekly comp for a chance to win an ipod. Txt POD to 80182 to get entry (std txt rate) T&C's apply 08452810073 for details 18+
ham,"No, I was trying it all weekend ;V"
spam,"Sunshine Hols. To claim ur med holiday send a stamped self address envelope to Drinks on Us UK, PO Box 113, Bray, Wicklow, Eire. Quiz Starts Saturday! Unsub Stop"
ham,When are you guys leaving?
ham,And now electricity just went out fml.
ham,Good morning princess! Have a great day!
ham,"Don't worry though, I understand how important it is that I be put in my place with a poorly thought out punishment in the face of the worst thing that has ever happened to me. Brb gonna go kill myself"
ham,ÃÃ ready then call me...
ham,"I'm in a meeting, call me later at"
ham,Loosu go to hospital. De dont let it careless.
ham,"Storming msg: Wen u lift d phne, u say \HELLO\"" Do u knw wt is d real meaning of HELLO?? . . . It's d name of a girl..! . . . Yes.. And u knw who is dat girl?? \""Margaret Hello\"" She is d girlfrnd f Grahmbell who invnted telphone... . . . . Moral:One can 4get d name of a person"
ham,Yes:)sura in sun tv.:)lol.
ham,Lol for real. She told my dad I have cancer
ham,\Hey j! r u feeling any better
ham,So do you have samus shoulders yet
ham,Heart is empty without love.. Mind is empty without wisdom.. Eyes r empty without dreams &amp; Life is empty without frnds.. So Alwys Be In Touch. Good night &amp; sweet dreams
ham,:-( sad puppy noise
ham,I will see in half an hour
ham,Thats cool! Sometimes slow and gentle. Sonetimes rough and hard :)
ham,I dont want to hear philosophy. Just say what happen
ham,"I don't think I can get away for a trek that long with family in town, sorry"
spam,You have 1 new message. Call 0207-083-6089
ham,That's ok. I popped in to ask bout something and she said you'd been in. Are you around tonght wen this girl comes?
ham,Good Morning plz call me sir
ham,i am seeking a lady in the street and a freak in the sheets. Is that you?
spam,XMAS iscoming & ur awarded either Ã¥Â£500 CD gift vouchers & free entry 2 r Ã¥Â£100 weekly draw txt MUSIC to 87066 TnC www.Ldew.com1win150ppmx3age16subscription 
ham,Horrible u eat macs eat until u forgot abt me already rite... U take so long 2 reply. I thk it's more toot than b4 so b prepared. Now wat shall i eat?
ham,Have you started in skye
ham,"\Response\"" is one of d powerful weapon 2 occupy a place in others 'HEART'... So"
ham,Cbe is really good nowadays:)lot of shop and showrooms:)city is shaping good.
ham,"That means you got an A in epi, she.s fine. She.s here now."
ham,MAYBE IF YOU WOKE UP BEFORE FUCKING 3 THIS WOULDN'T BE A PROBLEM.
ham,Yup next stop.
spam,"pdate_Now - Double mins and 1000 txts on Orange tariffs. Latest Motorola, SonyEricsson & Nokia & Bluetooth FREE! Call MobileUpd8 on 08000839402 or call2optout/!YHL"
ham,"Forgot it takes me 3 years to shower, sorry. Where you at/your phone dead yet?"
ham,Merry christmas to u too annie!
ham,Yes..gauti and sehwag out of odi series.
ham,"I got arrested for possession at, I shit you not,  &lt;TIME&gt;  pm"
ham,Yo chad which gymnastics class do you wanna take? The site says Christians class is full..
ham,Thank you baby! I cant wait to taste the real thing...
ham,Then we gotta do it after that
ham,"that would be good ÂÃ_ I'll phone you tomo lunchtime, shall I, to organise something?"
ham,Well welp is sort of a semiobscure internet thing
ham,Ok.
ham,"Hey chief, can you give me a bell when you get this. Need to talk to you about this royal visit on the 1st june. "
ham,My uncles in Atlanta. Wish you guys a great semester.
ham,She's fine. Good to hear from you. How are you my dear? Happy new year oh.
ham,I know complain num only..bettr directly go to bsnl offc nd apply for it..
spam,"Urgent Urgent! We have 800 FREE flights to Europe to give away, call B4 10th Sept & take a friend 4 FREE. Call now to claim on 09050000555. BA128NNFWFLY150ppm"
ham,I'm going 2 orchard now laready me reaching soon. U reaching?
ham,When you came to hostel.
ham,No pic. Please re-send.
ham,Great. Have a safe trip. Dont panic surrender all.
ham,You know what hook up means right?
ham,C movie is juz last minute decision mah. Juz watch 2 lar but i tot Ã_ not interested.
ham,Hi Dear Call me its urgnt. I don't know whats your problem. You don't want to work or if you have any other problem at least tell me. Wating for your reply.
ham,PS U no ur a grown up now right?
ham,Hey come online! Use msn... We are all there
ham,See? I thought it all through
ham,Try neva mate!!
spam,URGENT! Your Mobile number has been awarded with a Ã¥Â£2000 Bonus Caller Prize. Call 09058095201 from land line. Valid 12hrs only
ham,I HAVE A DATE ON SUNDAY WITH WILL!!
ham,Arun can u transfr me d amt
spam,You are being ripped off! Get your mobile content from www.clubmoby.com call 08717509990 poly/true/Pix/Ringtones/Games six downloads for only 3
ham,I love u 2 my little pocy bell I am sorry but I love u
ham,"I am real, baby! I want to bring out your inner tigress..."
ham,"The sign of maturity is not when we start saying big things.. But actually it is, when we start understanding small things... *HAVE A NICE EVENING* BSLVYL"
ham,Dis is yijue. I jus saw ur mail. In case huiming havent sent u my num. Dis is my num.
ham,"U wake up already? Wat u doing? U picking us up later rite? I'm taking sq825, reaching ard 7 smth 8 like dat. U can check e arrival time. C ya soon..."
ham,"Good afternoon, my love ! Any job prospects ? Are you missing me ? What do you do ? Are you being lazy and bleak, hmmm ? Or happy and filled with my love ?"
spam,Hi 07734396839 IBH Customer Loyalty Offer: The NEW NOKIA6600 Mobile from ONLY Ã¥Â£10 at TXTAUCTION!Txt word:START to No:81151 & get Yours Now!4T&
ham,"Cool, text me when you head out"
ham,"Erm ÂÃ_ ill pick you up at about 6.45pm. That'll give enough time to get there, park and that."
ham,"What's up bruv, hope you had a great break. Do have a rewarding semester."
ham,"Alright, we're all set here, text the man"
ham,Oh ok i didnt know what you meant. Yep i am baby jontin
ham,When you guys planning on coming over?
ham,Gokila is talking with you aha:)
ham,"Yeah that's what I thought, lemme know if anything's goin on later"
ham,"If e timing can, then i go w u lor..."
ham,"Sad story of a Man - Last week was my b'day. My Wife did'nt wish me. My Parents forgot n so did my Kids . I went to work. Even my Colleagues did not wish. As I entered my cabin my PA said, '' Happy B'day Boss !!''. I felt special. She askd me 4 lunch. After lunch she invited me to her apartment. We went there. She said,'' do u mind if I go into the bedroom for a minute ? '' ''OK'', I sed in a sexy mood. She came out 5 minuts latr wid a cake...n My Wife, My Parents, My Kidz, My Friends n My Colleagues. All screaming.. SURPRISE !! and I was waiting on the sofa.. ... ..... ' NAKED...!"
spam,"Urgent! Please call 09066612661 from your landline, your complimentary 4* Lux Costa Del Sol holiday or Ã¥Â£1000 CASH await collection. ppm 150 SAE T&Cs James 28, EH74RR"
ham,"I know where the  &lt;#&gt;  is, I'll be there around 5"
spam,4mths half price Orange line rental & latest camera phones 4 FREE. Had your phone 11mths+? Call MobilesDirect free on 08000938767 to update now! or2stoptxt T&Cs
spam,Valentines Day Special! Win over Ã¥Â£1000 in our quiz and take your partner on the trip of a lifetime! Send GO to 83600 now. 150p/msg rcvd. CustCare:08718720201
ham,Lol I would but my mom would have a fit and tell the whole family how crazy and terrible I am
ham,Wait 2 min..stand at bus stop
ham,I want to tell you how bad I feel that basically the only times I text you lately are when I need drugs
ham,I jus reached home. I go bathe first. But my sis using net tell u when she finishes k...
ham,"Ugh y can't u just apologize, admit u were wrong and ask me to take u back?"
ham,Its too late:)but its k.wish you the same.
ham,"I can't, I don't have her number!"
ham,Is xy going 4 e lunch?
ham,Don know..he is watching film in computer..
ham,Fuck cedar key and fuck her (come over anyway tho)
ham,Most of the tiime when i don't let you hug me it's so i don't break into tears.
ham,Bring it if you got it
ham,"They can try! They can get lost, in fact. Tee hee"
ham,Don no da:)whats you plan?
ham,U r too much close to my heart. If u go away i will be shattered. Plz stay with me.
spam,"For ur chance to win a Ã¥Â£250 cash every wk TXT: ACTION to 80608. T's&C's www.movietrivia.tv custcare 08712405022, 1x150p/wk"
spam,"Congrats! 1 year special cinema pass for 2 is yours. call 09061209465 now! C Suprman V, Matrix3, StarWars3, etc all 4 FREE! bx420-ip4-5we. 150pm. Dont miss out!"
ham,Is there any training tomorrow?
ham,"I call you later, don't have network. If urgnt, sms me."
ham,Do have a nice day today. I love you so dearly.
ham,Thank you. I like you as well...
ham,Hahaha..use your brain dear
ham,But i juz remembered i gotta bathe my dog today..
ham,S...i will take mokka players only:)
ham,"Jay told me already, will do"
ham,Also hi wesley how've you been
ham,Yup. Wun believe wat? U really neva c e msg i sent shuhui?
spam,"Congratulations! Thanks to a good friend U have WON the Ã¥Â£2,000 Xmas prize. 2 claim is easy, just call 08718726971 NOW! Only 10p per minute. BT-national-rate."
ham,Oh did you charge camera
ham,Will Ã_ b going to esplanade fr home?
ham,Daddy will take good care of you :)
ham,Height of recycling: Read twice- People spend time for earning money and the same money is spent for spending time!;-) Good morning.. keep smiling:-)
ham,I got a call from a landline number. . . I am asked to come to anna nagar . . . I will go in the afternoon
ham,Wewa is 130. Iriver 255. All 128 mb.
ham,"Yeah there's barely enough room for the two of us, x has too many fucking shoes. Sorry man, see you later"
ham,Lol alright i was thinkin that too haha
ham,2 and half years i missed your friendship:-)
ham,Jus ans me lar. U'll noe later.
ham,Dude we should go sup again
spam,Here is your discount code RP176781. To stop further messages reply stop. www.regalportfolio.co.uk. Customer Services 08717205546
ham,Thanks love. But am i doing torch or bold.
ham,S.this will increase the chance of winning.
spam,"UpgrdCentre Orange customer, you may now claim your FREE CAMERA PHONE upgrade for your loyalty. Call now on 0207 153 9153. Offer ends 26th July. T&C's apply. Opt-out available"
ham,I accidentally brought em home in the box
ham,Mm not entirely sure i understood that text but hey. Ho. Which weekend?
ham,Cuz ibored. And don wanna study
ham,"Dad wanted to talk about the apartment so I got a late start, omw now"
ham,Jus finish bathing...
spam,"Mila, age23, blonde, new in UK. I look sex with UK guys. if u like fun with me. Text MTALK to 69866.18 . 30pp/txt 1st 5free. Ã¥Â£1.50 increments. Help08718728876"
ham,Ok set let u noe e details later...
spam,You have WON a guaranteed Ã¥Â£1000 cash or a Ã¥Â£2000 prize.To claim yr prize call our customer service representative on
ham,"Jus chillaxin, what up"
spam,todays vodafone numbers ending with 0089(my last four digits) are selected to received a Ã¥Â£350 award. If your number matches please call 09063442151 to claim your Ã¥Â£350 award
ham,Me too watching surya movie only. . .after 6 pm vijay movie POKKIRI
ham,Tell them u have a headache and just want to use 1 hour of sick time.
ham,Try to do something dear. You read something for exams
ham,here is my new address -apples&pairs&all that malarky
ham,Yup but it's not giving me problems now so mayb i'll jus leave it...
ham,Ok going to sleep. Hope i can meet her.
ham,"Wishing you and your family Merry \X\"" mas and HAPPY NEW Year in advance.."""
ham,"My fri ah... Okie lor,goin 4 my drivin den go shoppin after tt..."
ham,Hi Princess! Thank you for the pics. You are very pretty. How are you?
spam,PRIVATE! Your 2003 Account Statement for shows 800 un-redeemed S. I. M. points. Call 08715203652 Identifier Code: 42810 Expires 29/10/0
ham,NO GIFTS!! You trying to get me to throw myself off a cliff or something?
ham,"I dont knw pa, i just drink milk.."
spam,YOU HAVE WON! As a valued Vodafone customer our computer has picked YOU to win a Ã¥Â£150 prize. To collect is easy. Just call 09061743386
ham,I.ll give her once i have it. Plus she said grinule greet you whenever we speak
ham,Draw va?i dont think so:)
ham,WOT U UP 2 J?
ham,Anything lor but toa payoh got place 2 walk meh...
ham,Keep my payasam there if rinu brings
ham,Dunno y u ask me.
ham,Where r we meeting?
ham,"Usf I guess, might as well take 1 car"
ham,"What do u reckon as need 2 arrange transport if u can't do it, thanks"
ham,"1) Go to write msg 2) Put on Dictionary mode 3)Cover the screen with hand, 4)Press  &lt;#&gt; . 5)Gently remove Ur hand.. Its interesting..:)"
ham,Howz pain.it will come down today.do as i said ystrday.ice and medicine.
ham,IM GONNAMISSU SO MUCH!!I WOULD SAY IL SEND U A POSTCARD BUTTHERES ABOUTAS MUCH CHANCE OF MEREMEMBERIN ASTHERE IS OFSI NOT BREAKIN HIS CONTRACT!! LUV Yaxx
ham,Hey darlin.. i can pick u up at college if u tell me wen & where 2 mt.. love Pete xx
ham,I have printed it oh. So  &lt;#&gt;  come upstairs
spam,Great News! Call FREEFONE 08006344447 to claim your guaranteed Ã¥Â£1000 CASH or Ã¥Â£2000 gift. Speak to a live operator NOW!
ham,HEY GIRL. HOW R U? HOPE U R WELL ME AN DEL R BAK! AGAIN LONG TIME NO C! GIVE ME A CALL SUM TIME FROM LUCYxx
ham,No one interested. May be some business plan.
spam,"Hi babe its Jordan, how r u? Im home from abroad and lonely, text me back if u wanna chat xxSP visionsms.com Text stop to stopCost 150p 08712400603"
ham,"Yo, the game almost over? Want to go to walmart soon"
spam,"As a valued customer, I am pleased to advise you that following recent review of your Mob No. you are awarded with a Ã¥Â£1500 Bonus Prize, call 09066364589"
ham,Another month. I need chocolate weed and alcohol.
ham,"Okay, good, no problem, and thanx!"
ham,"I think your mentor is , but not 100 percent sure."
ham,I know she called me
ham,"sorry, no, have got few things to do. may be in pub later."
ham,Yes princess! I want to make you happy...
spam,Summers finally here! Fancy a chat or flirt with sexy singles in yr area? To get MATCHED up just reply SUMMER now. Free 2 Join. OptOut txt STOP Help08714742804
ham,Yar... I tot u knew dis would happen long ago already.
